CREATE DATABASE siteLocal;
USE siteLocal;

SET SQL_MODE = "NO_AUTO_VALUE_ON_ZERO";
SET time_zone = "+00:00";
--
-- База данных: `site.local`
--
-- --------------------------------------------------------
--
-- Структура таблицы `departments`
--
CREATE TABLE IF NOT EXISTS `departments` (
  `id` int(11) NOT NULL  AUTO_INCREMENT,
  `title_dep` varchar(255) DEFAULT NULL,
  PRIMARY KEY(id)
) ENGINE=InnoDB DEFAULT CHARSET=utf8;
--
-- Дамп данных таблицы `departments`
--
INSERT INTO `departments` (`id`, `title_dep`) VALUES
(1, 'hr'),
(2, 'design'),
(3, 'development'),
(4, 'testing');
-- --------------------------------------------------------

--
-- Структура таблицы `payment_types`
--
CREATE TABLE IF NOT EXISTS `payment_types` (
  `id` int(11) NOT NULL  AUTO_INCREMENT,
  `title_type` varchar(255) DEFAULT NULL,
  PRIMARY KEY(id)
) ENGINE=InnoDB DEFAULT CHARSET=utf8;
--
-- Дамп данных таблицы `payment_types`
--
INSERT INTO `payment_types` (`id`, `title_type`) VALUES
(1, 'rate'),
(2, 'hourly');

-- --------------------------------------------------------
--
-- Структура таблицы `positions`
--

CREATE TABLE IF NOT EXISTS `positions` (
  `id` int(11) NOT NULL  AUTO_INCREMENT,
  `title_pos` varchar(255) DEFAULT NULL,
  PRIMARY KEY(id)
) ENGINE=InnoDB DEFAULT CHARSET=utf8;

--
-- Дамп данных таблицы `positions`
--

INSERT INTO `positions` (`id`, `title_pos`) VALUES
(1, 'junior'),
(2, 'assistant'),
(3, 'middle'),
(4, 'senior');

-- --------------------------------------------------------
-- Структура таблицы `employees`
--
CREATE TABLE IF NOT EXISTS `employees` (
  `id` int(11) NOT NULL AUTO_INCREMENT,
  `name` varchar(55) NOT NULL,
  `birthday` varchar(55) NOT NULL,
  `id_dep` int(11) NOT NULL,
  `id_pos` int(11) NOT NULL,
  `id_type` int(11) NOT NULL,
  `salary` int(11) NOT NULL,
    PRIMARY KEY(id),
    FOREIGN KEY (id_dep) REFERENCES departments(id),
    FOREIGN KEY (id_pos) REFERENCES positions(id),
    FOREIGN KEY (id_type) REFERENCES payment_types(id)
    ON UPDATE CASCADE
    ON DELETE RESTRICT
) ENGINE=InnoDB DEFAULT CHARSET=utf8;


--
-- Дамп данных таблицы `employees`
--
INSERT INTO `employees` (`id`, `name`, `birthday`, `id_dep`, `id_pos`, `id_type`, `salary`) VALUES
(1, 'name1', '2000-12-10', 1, 1, 1, 20),
(2, 'name2', '2000-12-10', 1, 1, 1, 20),
(3, 'name3', '2000-12-10', 1, 2, 1, 21),
(4, 'name4', '2000-12-10', 1, 3, 1, 202),
(5, 'name5', '2000-12-10', 2, 1, 1, 77),
(6, 'name6', '2000-12-10', 1, 1, 1, 20),
(7, 'name7', '2000-12-10', 1, 1, 1, 29),
(8, 'name8', '2000-12-10', 1, 3, 1, 205),
(9, 'name8', '2000-12-10', 1, 2, 1, 27),
(10, 'name10', '2000-12-10', 1, 2, 2, 40),
(11, 'name11', '2000-12-10', 1, 1, 1, 60),
(12, 'name12', '2000-12-10', 1, 1, 1, 20),
(13, 'name13', '2000-12-10', 1, 1, 1, 20),
(14, 'name14', '2000-12-10', 1, 1, 1, 240),
(15, 'name15', '2000-12-10', 1, 3, 1, 20),
(16, 'name16', '2000-12-10', 1, 1, 1, 20),
(17, 'name17', '2000-12-10', 1, 1, 1, 26),
(18, 'name18', '2000-12-10', 1, 1, 1, 2660),
(19, 'name19', '2000-12-10', 1, 1, 1, 270),
(20, 'name20', '2000-12-10', 1, 1, 1, 20),
(21, 'name21', '2000-12-10', 1, 1, 1, 290),
(22, 'name22', '2000-12-10', 1, 1, 1, 2660),
(23, 'name23', '2000-12-10', 1, 1, 1, 20),
(24, 'name24', '2000-12-10', 1, 1, 1, 20),
(25, 'name25', '2000-12-10', 1, 1, 1, 20),
(26, 'name26', '2000-12-10', 3, 3, 1, 20),
(27, 'nam27', '2000-12-10', 3, 1, 1, 20),
(28, 'name28', '2000-12-10', 1, 1, 1, 20),
(29, 'name29', '2000-12-10', 1, 1, 1, 20),
(30, 'name30', '2000-12-10', 1, 1, 1, 240),
(31, 'name31', '2000-12-10', 1, 3, 1, 20),
(32, 'name32', '2000-12-10', 1, 1, 1, 20),
(33, 'name33', '2000-12-10', 1, 1, 1, 26),
(34, 'name34', '2000-12-10', 1, 1, 1, 2660),
(35, 'name35', '2000-12-10', 1, 1, 1, 270),
(36, 'name36', '2000-12-10', 1, 1, 1, 20),
(37, 'name37', '2000-12-10', 1, 1, 1, 290),
(38, 'name38', '2000-12-10', 1, 1, 1, 2660),
(39, 'name39', '2000-12-10', 1, 1, 1, 20),
(40, 'name40', '2000-12-10', 1, 1, 1, 20),
(41, 'name41', '2000-12-10', 1, 1, 1, 20),
(42, 'name42', '2000-12-10', 3, 3, 1, 20),
(43, 'nam43', '2000-12-10', 3, 1, 1, 20),
(44, 'name44', '2000-12-10', 1, 3, 1, 20),
(45, 'name44', '2000-12-10', 1, 1, 1, 20),
(46, 'name45', '2000-12-10', 1, 1, 1, 240),
(47, 'name31', '2000-12-10', 1, 3, 1, 20),
(48, 'name32', '2000-12-10', 1, 1, 1, 20),
(49, 'name33', '2000-12-10', 1, 1, 1, 26),
(50, 'name34', '2000-12-10', 1, 1, 1, 2660),
(51, 'name35', '2000-12-10', 1, 1, 1, 270),
(52, 'name36', '2000-12-10', 1, 1, 1, 20),
(53, 'name37', '2000-12-10', 1, 1, 1, 290),
(54, 'name38', '2000-12-10', 1, 1, 1, 2660),
(55, 'name39', '2000-12-10', 1, 1, 1, 20),
(56, 'name40', '2000-12-10', 1, 1, 1, 20),
(57, 'name41', '2000-12-10', 1, 1, 1, 20),
(58, 'name42', '2000-12-10', 3, 3, 1, 20),
(59, 'nam43', '2000-12-10', 3, 1, 1, 20),
(60, 'name44', '2000-12-10', 1, 3, 1, 20),
(61, 'name44', '2000-12-10', 1, 1, 1, 20),
(62, 'name45', '2000-12-10', 1, 1, 1, 240),
(63, 'name31', '2000-12-10', 1, 3, 1, 20),
(64, 'name32', '2000-12-10', 1, 1, 1, 20),
(65, 'name33', '2000-12-10', 1, 1, 1, 26),
(66, 'name34', '2000-12-10', 1, 1, 1, 2660),
(67, 'name35', '2000-12-10', 1, 1, 1, 270),
(68, 'name36', '2000-12-10', 1, 1, 1, 20),
(69, 'name37', '2000-12-10', 1, 1, 1, 290),
(70, 'name38', '2000-12-10', 1, 1, 1, 2660),
(71, 'name39', '2000-12-10', 1, 1, 1, 20),
(72, 'name40', '2000-12-10', 1, 1, 1, 20),
(73, 'name41', '2000-12-10', 1, 1, 1, 20),
(74, 'name42', '2000-12-10', 3, 3, 1, 20),
(75, 'nam43', '2000-12-10', 3, 1, 1, 20),
(76, 'name44', '2000-12-10', 1, 3, 1, 20),
(77, 'name44', '2000-12-10', 1, 1, 1, 20),
(78, 'name45', '2000-12-10', 1, 1, 1, 240),
(79, 'name31', '2000-12-10', 1, 3, 1, 20),
(80, 'name32', '2000-12-10', 1, 1, 1, 20),
(81, 'name33', '2000-12-10', 1, 1, 1, 26),
(82, 'name34', '2000-12-10', 1, 1, 1, 2660),
(83, 'name35', '2000-12-10', 1, 1, 1, 270),
(84, 'name36', '2000-12-10', 1, 1, 1, 20),
(85, 'name37', '2000-12-10', 1, 1, 1, 290),
(86, 'name38', '2000-12-10', 1, 1, 1, 2660),
(87, 'name39', '2000-12-10', 1, 1, 1, 20),
(88, 'name40', '2000-12-10', 1, 1, 1, 20),
(89, 'name41', '2000-12-10', 1, 1, 1, 20),
(90, 'name42', '2000-12-10', 3, 3, 1, 20),
(91, 'nam43', '2000-12-10', 3, 1, 1, 20),
(92, 'name44', '2000-12-10', 1, 3, 1, 20),
(93, 'name44', '2000-12-10', 1, 1, 1, 20),
(94, 'name45', '2000-12-10', 1, 1, 1, 240),
(95, 'name31', '2000-12-10', 1, 3, 1, 20),
(96, 'name32', '2000-12-10', 1, 1, 1, 20),
(97, 'name33', '2000-12-10', 1, 1, 1, 26),
(98, 'name34', '2000-12-10', 1, 1, 1, 2660),
(99, 'name35', '2000-12-10', 1, 1, 1, 270),
(100, 'name36', '2000-12-10', 1, 1, 1, 20),
(101, 'name37', '2000-12-10', 1, 1, 1, 290),
(102, 'name38', '2000-12-10', 1, 1, 1, 2660),
(103, 'name39', '2000-12-10', 1, 1, 1, 20),
(104, 'name40', '2000-12-10', 1, 1, 1, 20),
(105, 'name41', '2000-12-10', 1, 1, 1, 20),
(106, 'name42', '2000-12-10', 3, 3, 1, 20),
(107, 'nam43', '2000-12-10', 3, 1, 1, 20),
(108, 'name44', '2000-12-10', 1, 3, 1, 20),
(109, 'name44', '2000-12-10', 1, 1, 1, 20),
(110, 'name45', '2000-12-10', 1, 1, 1, 240),
(111, 'name31', '2000-12-10', 1, 3, 1, 20),
(112, 'name32', '2000-12-10', 1, 1, 1, 20),
(113, 'name33', '2000-12-10', 1, 1, 1, 26),
(114, 'name34', '2000-12-10', 1, 1, 1, 2660),
(115, 'name35', '2000-12-10', 1, 1, 1, 270),
(116, 'name36', '2000-12-10', 1, 1, 1, 20),
(117, 'name37', '2000-12-10', 1, 1, 1, 290),
(118, 'name38', '2000-12-10', 1, 1, 1, 2660),
(119, 'name39', '2000-12-10', 1, 1, 1, 20),
(120, 'name40', '2000-12-10', 1, 1, 1, 20),
(121, 'name41', '2000-12-10', 1, 1, 1, 20),
(122, 'name42', '2000-12-10', 3, 3, 1, 20),
(123, 'nam43', '2000-12-10', 3, 1, 1, 20),
(124, 'name44', '2000-12-10', 1, 3, 1, 20),
(125, 'name44', '2000-12-10', 1, 1, 1, 20),
(126, 'name45', '2000-12-10', 1, 1, 1, 240),
(127, 'name31', '2000-12-10', 1, 3, 1, 20),
(128, 'name32', '2000-12-10', 1, 1, 1, 20),
(129, 'name33', '2000-12-10', 1, 1, 1, 26),
(130, 'name34', '2000-12-10', 1, 1, 1, 2660),
(131, 'name35', '2000-12-10', 1, 1, 1, 270),
(132, 'name36', '2000-12-10', 1, 1, 1, 20),
(133, 'name37', '2000-12-10', 1, 1, 1, 290),
(134, 'name38', '2000-12-10', 1, 1, 1, 2660),
(135, 'name39', '2000-12-10', 1, 1, 1, 20),
(136, 'name40', '2000-12-10', 1, 1, 1, 20),
(137, 'name41', '2000-12-10', 1, 1, 1, 20),
(138, 'name42', '2000-12-10', 3, 3, 1, 20),
(139, 'nam43', '2000-12-10', 3, 1, 1, 20),
(140, 'name44', '2000-12-10', 1, 3, 1, 20),
(141, 'name44', '2000-12-10', 1, 1, 1, 20),
(142, 'name45', '2000-12-10', 1, 1, 1, 240),
(143, 'name31', '2000-12-10', 1, 3, 1, 20),
(144, 'name32', '2000-12-10', 1, 1, 1, 20),
(145, 'name33', '2000-12-10', 1, 1, 1, 26),
(146, 'name34', '2000-12-10', 1, 1, 1, 2660),
(147, 'name35', '2000-12-10', 1, 1, 1, 270),
(148, 'name36', '2000-12-10', 1, 1, 1, 20),
(149, 'name37', '2000-12-10', 1, 1, 1, 290),
(150, 'name38', '2000-12-10', 1, 1, 1, 2660),
(151, 'name39', '2000-12-10', 1, 1, 1, 20),
(152, 'name40', '2000-12-10', 1, 1, 1, 20),
(153, 'name41', '2000-12-10', 1, 1, 1, 20),
(154, 'name42', '2000-12-10', 3, 3, 1, 20),
(155, 'nam43', '2000-12-10', 3, 1, 1, 20),
(156, 'name44', '2000-12-10', 1, 3, 1, 20),
(157, 'name44', '2000-12-10', 1, 1, 1, 20),
(158, 'name45', '2000-12-10', 1, 1, 1, 240),
(159, 'name31', '2000-12-10', 1, 3, 1, 20),
(160, 'name32', '2000-12-10', 1, 1, 1, 20),
(161, 'name33', '2000-12-10', 1, 1, 1, 26),
(162, 'name34', '2000-12-10', 1, 1, 1, 2660),
(163, 'name35', '2000-12-10', 1, 1, 1, 270),
(164, 'name36', '2000-12-10', 1, 1, 1, 20),
(165, 'name37', '2000-12-10', 1, 1, 1, 290),
(166, 'name38', '2000-12-10', 1, 1, 1, 2660),
(167, 'name39', '2000-12-10', 1, 1, 1, 20),
(168, 'name40', '2000-12-10', 1, 1, 1, 20),
(169, 'name41', '2000-12-10', 1, 1, 1, 20),
(170, 'name42', '2000-12-10', 3, 3, 1, 20),
(171, 'nam43', '2000-12-10', 3, 1, 1, 20),
(172, 'name44', '2000-12-10', 1, 3, 1, 20),
(173, 'test', '2000-10-10', 3, 1, 1, 400),
(174, 'ABCD', '1999-10-10', 1, 1, 1, 1000),
(175, 'ABCD', '1999-10-10', 1, 1, 1, 1000),
(176, 'ABCD', '1999-10-10', 1, 1, 1, 1000),
(177, 'ABCD', '1999-10-10', 1, 1, 1, 1000),
(178, 'ABCD', '1999-10-10', 1, 1, 1, 1000),
(179, 'ABCD', '1999-10-10', 1, 1, 1, 1000),
(180, 'ABCD', '1999-10-10', 1, 1, 1, 1000),
(181, 'ABCD', '1999-10-10', 1, 1, 1, 1000),
(182, 'ABCD', '1999-10-10', 1, 1, 1, 1000),
(183, 'ABCD', '1999-10-10', 1, 1, 1, 1000),
(184, 'ABCD', '1999-10-10', 1, 1, 1, 1000),
(185, 'ABCD', '1999-10-10', 1, 1, 1, 1000),
(186, 'ABCD', '1999-10-10', 1, 1, 1, 1000),
(187, 'www', '2016-12-13', 1, 1, 1, 500),
(188, 'hyhr', '2016-12-13', 2, 2, 2, 200),
(189, 'tjhgj', '2016-12-07', 2, 1, 1, 500),
(190, 'Kostya', '2016-05-10', 3, 4, 2, 230);

-- ---------------------------------------------------------

CREATE TABLE IF NOT EXISTS `users` (
  `user_id` int(11) UNSIGNED NOT NULL AUTO_INCREMENT,
  `user_login` varchar(30) NOT NULL,
  `user_password` varchar(32) NOT NULL,
  `user_hash` varchar(32) NOT NULL,
  `user_admin` int(10) UNSIGNED NOT NULL DEFAULT '0',
  PRIMARY KEY (`user_id`)
) ENGINE=MyISAM DEFAULT CHARSET=cp1251;

INSERT INTO `users` (`user_id`, `user_login`, `user_password`, `user_hash`, `user_admin`) VALUES
(1, 'admin', 'c3284d0f94606de1fd2af172aba15bf3', '', 1);

